2022-06-25,0,0.0,Intermittent clouds,13.9,11.2,12.0,18.5,SSE,88,16.1,0,Low,21,21,68
2022-06-25,1,0.0,Intermittent clouds,13.2,10.4,11.3,16.7,S,89,16.1,0,Low,21,21,52
2022-06-25,2,0.0,Partly cloudy,12.6,10.2,10.7,14.8,S,88,16.1,0,Low,20,20,49
2022-06-25,3,0.0,Partly cloudy,12.2,10.5,9.1,11.1,S,81,16.1,0,Low,20,20,46
2022-06-25,4,0.0,Partly cloudy,11.7,10.4,8.5,11.1,S,80,16.1,0,Low,20,20,43
2022-06-25,5,13.9,Partly sunny,11.3,10.0,7.7,11.1,S,79,16.1,0,Low,20,20,43
2022-06-25,6,51.8,Partly sunny,10.8,9.6,8.3,13.0,S,85,16.1,1,Low,20,20,44
2022-06-25,7,62.9,Intermittent clouds,11.9,10.8,8.5,13.0,S,80,16.1,1,Low,18,18,70
2022-06-25,8,83.7,Intermittent clouds,13.3,12.6,8.5,14.8,S,73,16.1,2,Low,15,15,70
2022-06-25,9,100.7,Intermittent clouds,14.6,14.2,8.3,18.5,S,66,16.1,3,Moderate,15,15,70
2022-06-25,10,114.0,Intermittent clouds,15.8,15.8,8.0,20.4,S,60,16.1,4,Moderate,20,20,70
2022-06-25,11,123.5,Intermittent clouds,16.5,17.0,7.5,22.2,S,55,16.1,5,Moderate,48,48,70
2022-06-25,12,174.2,Partly sunny,17.7,18.8,8.3,25.9,S,54,16.1,7,High,47,47,44
2022-06-25,13,183.9,Partly sunny,18.4,20.1,9.2,25.9,S,55,16.1,8,Very High,45,45,40
2022-06-25,14,171.2,Partly sunny,18.6,20.2,10.0,25.9,S,57,16.1,7,High,49,49,46
2022-06-25,15,124.2,Mostly cloudy w/ t-storms,17.4,15.4,11.0,25.9,SSW,66,8.0,4,Moderate,61,61,70
2022-06-25,16,115.0,Mostly cloudy w/ t-storms,16.7,14.0,11.3,25.9,S,70,8.0,3,Moderate,61,61,70
2022-06-25,17,134.7,Partly sunny,17.3,16.5,9.4,25.9,SSW,60,16.1,3,Moderate,40,40,46
2022-06-25,18,127.5,Partly sunny,17.6,16.4,7.5,24.1,SSW,51,16.1,2,Low,34,34,33
2022-06-25,19,109.1,Mostly sunny,17.1,15.3,7.0,24.1,SSW,51,16.1,2,Low,23,23,19
2022-06-25,20,69.5,Mostly sunny,16.5,14.3,6.5,22.2,S,52,16.1,1,Low,3,3,17
2022-06-25,21,22.4,Mostly sunny,15.3,12.8,6.7,20.4,S,56,16.1,0,Low,3,3,14
2022-06-25,22,0.0,Mostly clear,14.1,11.6,6.9,16.7,S,62,16.1,0,Low,3,3,11
2022-06-25,23,0.0,Mostly clear,12.4,10.0,7.0,14.8,S,70,16.1,0,Low,3,3,10
2022-06-26,00,0.0,Clear,11.3,10.6,5.7,7.4,SSE,69,16.1,0,Low,3,3,9
2022-06-26,01,0.0,Clear,10.8,10.0,5.2,9.3,SSE,68,16.1,0,Low,3,3,7
2022-06-26,02,0.0,Partly cloudy,10.5,9.2,4.8,9.3,SSE,68,16.1,0,Low,3,3,32
2022-06-26,03,0.0,Intermittent clouds,10.7,8.9,5.3,11.1,SSE,69,16.1,0,Low,3,3,58
2022-06-26,04,0.0,Mostly cloudy,11.1,8.7,4.2,13.0,SSE,63,16.1,0,Low,2,2,83
2022-06-26,05,13.9,Intermittent clouds,11.4,8.5,5.5,16.7,SSE,67,16.1,0,Low,1,1,66
2022-06-26,06,63.7,Partly sunny,11.7,8.7,6.6,20.4,S,71,16.1,1,Low,1,1,49
2022-06-26,07,123.9,Partly sunny,12.9,10.2,7.3,22.2,S,69,16.1,2,Low,4,4,31
2022-06-26,08,141.6,Partly sunny,14.1,11.9,7.3,24.1,S,64,16.1,2,Low,44,44,47
2022-06-26,09,144.3,Intermittent clouds,15.2,13.7,6.9,25.9,S,58,16.1,3,Moderate,48,48,62
2022-06-26,10,131.8,Showers,16.1,13.4,6.4,27.8,SSW,52,9.7,3,Moderate,52,52,78
2022-06-26,11,174.8,Intermittent clouds,16.9,16.5,5.9,29.6,SSW,48,16.1,6,High,21,21,63
2022-06-26,12,167.4,Intermittent clouds,18.8,19.8,6.0,25.9,S,43,16.1,6,High,15,15,70
2022-06-26,13,170.0,Intermittent clouds,19.6,20.7,5.9,27.8,S,41,16.1,7,High,19,19,70
2022-06-26,14,167.8,Intermittent clouds,19.9,19.5,5.8,27.8,SSW,40,16.1,4,Moderate,43,43,70
2022-06-26,15,150.0,Mostly cloudy,19.8,18.9,5.3,29.6,SSW,38,16.1,3,Moderate,47,47,75
2022-06-26,16,121.0,Showers,19.2,16.0,5.7,29.6,SSW,41,9.7,2,Low,51,51,84
2022-06-26,17,132.1,Intermittent clouds,19.4,18.0,5.0,29.6,SSW,39,16.1,2,Low,40,40,70
2022-06-26,18,110.5,Intermittent clouds,18.9,17.8,4.5,25.9,SW,38,16.1,2,Low,34,34,70
2022-06-26,19,84.0,Intermittent clouds,18.2,16.8,4.4,24.1,SW,40,16.1,1,Low,37,37,70
2022-06-26,20,70.3,Partly sunny,17.1,15.5,4.9,18.5,SW,44,16.1,1,Low,47,47,45
2022-06-26,21,22.1,Partly sunny w/ showers,15.5,12.8,5.9,14.8,SSW,53,9.7,0,Low,51,51,45
2022-06-26,22,0.0,Partly cloudy,14.1,12.8,6.8,11.1,SSW,61,16.1,0,Low,43,43,45
2022-06-26,23,0.0,Partly cloudy w/ showers,13.1,10.7,7.2,11.1,SSW,67,9.7,0,Low,52,52,45
2022-06-27,00,0.0,Partly cloudy,12.4,10.3,8.3,13.0,SSW,76,16.1,0,Low,49,49,44
2022-06-27,01,0.0,Partly cloudy,12.0,10.1,8.0,13.0,SSW,76,16.1,0,Low,41,41,33
2022-06-27,02,0.0,Partly cloudy,11.5,9.5,8.3,13.0,S,81,16.1,0,Low,34,34,32
2022-06-27,03,0.0,Partly cloudy,11.2,9.1,8.8,13.0,S,85,16.1,0,Low,34,34,31
2022-06-27,04,0.0,Partly cloudy,10.7,8.4,7.9,13.0,S,83,16.1,0,Low,37,37,30
2022-06-27,05,20.5,Partly sunny,11.1,9.0,7.5,13.0,S,78,16.1,0,Low,47,47,45
2022-06-27,06,80.5,Partly sunny w/ showers,11.4,8.0,7.0,13.0,S,75,9.7,0,Low,51,51,45
2022-06-27,07,132.5,Partly sunny,12.1,10.9,7.0,13.0,SSW,71,16.1,1,Low,47,47,45
2022-06-27,08,93.5,Cloudy,12.6,11.0,8.0,14.8,SSW,73,16.1,1,Low,47,47,92
2022-06-27,09,129.7,Showers,13.0,9.7,8.8,14.8,SW,76,11.3,1,Low,51,51,84
2022-06-27,10,166.2,Mostly cloudy,13.2,11.9,8.9,16.7,WSW,75,16.1,2,Low,47,47,76
2022-06-27,11,224.6,Intermittent clouds,14.7,15.9,8.8,18.5,WSW,67,16.1,6,High,33,33,59
2022-06-27,12,273.5,Partly sunny,16.2,18.2,7.7,20.4,SW,57,16.1,7,High,47,47,45
2022-06-27,13,353.0,Mostly sunny,17.5,19.5,5.8,22.2,SW,46,16.1,8,Very High,36,36,18
2022-06-27,14,312.8,Partly sunny,17.8,19.4,3.9,22.2,WSW,40,16.1,7,High,20,20,31
2022-06-27,15,265.5,Partly sunny,18.2,19.0,3.2,24.1,WSW,37,16.1,6,High,20,20,44
2022-06-27,16,214.2,Intermittent clouds,18.4,18.8,3.4,25.9,WSW,37,16.1,4,Moderate,20,20,57
2022-06-27,17,159.8,Intermittent clouds,18.1,17.3,2.5,24.1,WSW,35,16.1,3,Moderate,20,20,71
2022-06-27,18,108.4,Mostly cloudy,17.6,15.7,1.9,22.2,WSW,35,16.1,1,Low,20,20,85
2022-06-27,19,63.2,Cloudy,16.4,14.2,2.0,20.4,WSW,38,16.1,0,Low,14,14,99
2022-06-27,20,59.5,Mostly cloudy,15.1,13.1,3.0,16.7,WSW,44,16.1,1,Low,2,2,76
2022-06-27,21,18.7,Mostly cloudy,14.5,12.9,4.2,13.0,SW,50,16.1,0,Low,2,2,76
2022-06-27,22,0.0,Mostly cloudy,13.1,11.7,5.1,11.1,SW,58,16.1,0,Low,2,2,76
2022-06-27,23,0.0,Mostly cloudy,11.7,10.3,5.8,11.1,SSW,67,16.1,0,Low,2,2,76
2022-06-28,00,0.0,Mostly cloudy,10.6,8.9,6.5,11.1,SW,76,16.1,0,Low,2,2,76
2022-06-28,01,0.0,Mostly cloudy,10.1,8.4,6.8,11.1,SW,80,16.1,0,Low,3,3,76
2022-06-28,02,0.0,Mostly cloudy,9.1,7.5,7.1,11.1,SSW,87,16.1,0,Low,6,6,76
2022-06-28,03,0.0,Mostly cloudy,9.7,8.0,7.2,11.1,S,84,16.1,0,Low,6,6,76
2022-06-28,04,0.0,Mostly cloudy,9.1,7.3,6.6,11.1,S,85,16.1,0,Low,6,6,76
2022-06-28,05,16.0,Mostly cloudy,9.5,7.4,6.2,13.0,S,80,16.1,0,Low,6,6,79
2022-06-28,06,54.3,Mostly cloudy,10.3,8.0,7.8,14.8,S,84,16.1,0,Low,6,6,88
2022-06-28,07,80.0,Cloudy,11.9,9.4,9.0,16.7,S,82,16.1,1,Low,6,6,94
2022-06-28,08,106.6,Cloudy,13.5,11.1,9.2,20.4,S,75,16.1,1,Low,7,7,94
2022-06-28,09,128.4,Cloudy,15.2,13.1,8.8,22.2,S,66,16.1,2,Low,7,7,94
2022-06-28,10,145.5,Cloudy,16.7,15.2,8.4,25.9,SSW,58,16.1,2,Low,7,7,94
2022-06-28,11,157.7,Cloudy,17.2,15.1,7.8,27.8,SSW,54,16.1,2,Low,7,7,94
2022-06-28,12,165.1,Cloudy,17.9,16.5,7.8,25.9,S,51,16.1,2,Low,5,5,94
2022-06-28,13,167.8,Cloudy,18.2,16.9,8.1,27.8,S,52,16.1,2,Low,5,5,94
2022-06-28,14,165.6,Cloudy,18.5,17.4,8.5,27.8,S,52,16.1,2,Low,5,5,94
2022-06-28,15,158.7,Cloudy,18.4,17.1,8.4,27.8,S,52,16.1,2,Low,5,5,94
2022-06-28,16,147.0,Cloudy,18.2,16.3,8.5,27.8,S,53,16.1,1,Low,6,6,94
2022-06-28,17,130.4,Cloudy,17.9,15.7,8.8,27.8,S,55,16.1,1,Low,7,7,94
2022-06-28,18,109.1,Cloudy,17.5,15.1,9.3,27.8,S,58,16.1,1,Low,7,7,94
2022-06-28,19,83.0,Cloudy,17.0,14.3,9.7,27.8,S,62,16.1,0,Low,10,10,94
2022-06-28,20,45.9,Cloudy,16.3,13.3,10.0,25.9,S,66,16.1,0,Low,16,16,100
2022-06-28,21,14.4,Cloudy,15.8,13.0,10.1,22.2,S,69,16.1,0,Low,16,16,100
2022-06-28,22,0.0,Cloudy,15.3,12.6,10.0,20.4,S,70,16.1,0,Low,21,21,100
2022-06-28,23,0.0,Rain,14.7,10.3,10.2,18.5,S,74,8.0,0,Low,56,56,100
2022-06-29,00,0.0,Rain,15.1,11.0,11.4,18.5,SSE,78,8.0,0,Low,56,56,100
2022-06-29,01,0.0,Cloudy,15.0,12.3,11.8,18.5,S,81,16.1,0,Low,49,49,100
2022-06-29,02,0.0,Cloudy,14.2,11.7,12.1,16.7,S,87,16.1,0,Low,20,20,100
2022-06-29,03,0.0,Cloudy,13.7,11.5,11.9,14.8,S,89,16.1,0,Low,20,20,100
2022-06-29,04,0.0,Cloudy,13.6,11.7,11.7,13.0,S,89,16.1,0,Low,20,20,100
2022-06-29,05,13.3,Cloudy,13.4,11.8,11.4,11.1,S,88,16.1,0,Low,20,20,95
2022-06-29,06,54.4,Cloudy,12.9,11.6,10.9,11.1,S,88,16.1,0,Low,20,20,95
2022-06-29,07,90.0,Cloudy,13.5,12.8,11.4,11.1,S,87,16.1,1,Low,25,25,95
2022-06-29,08,166.0,Mostly cloudy,14.5,13.5,11.5,13.0,S,82,16.1,1,Low,49,49,76
2022-06-29,09,171.2,Thunderstorms,15.6,12.0,11.4,14.8,S,76,6.4,1,Low,61,61,86
2022-06-29,10,157.8,Thunderstorms,15.5,11.5,12.8,18.5,S,84,6.4,1,Low,61,61,97
2022-06-29,11,239.0,Mostly cloudy,16.9,16.2,12.0,18.5,S,73,16.1,2,Low,26,26,78
2022-06-29,12,239.2,Mostly cloudy,18.7,18.6,10.6,18.5,S,59,16.1,3,Moderate,21,21,81
2022-06-29,13,208.9,Cloudy,19.9,19.7,10.5,18.5,S,55,16.1,2,Low,26,26,90
2022-06-29,14,195.0,Thunderstorms,19.3,17.2,10.9,18.5,SSW,58,8.0,2,Low,54,54,93
2022-06-29,15,176.0,Cloudy,19.3,18.7,10.6,18.5,SSW,57,16.1,2,Low,49,49,96
2022-06-29,16,149.7,Cloudy,19.1,18.1,10.6,16.7,SSW,58,16.1,1,Low,46,46,100
2022-06-29,17,132.9,Cloudy,18.7,17.6,9.7,16.7,SSW,56,16.1,1,Low,46,46,100
2022-06-29,18,111.2,Cloudy,18.0,17.1,9.1,14.8,SW,56,16.1,1,Low,49,49,100
2022-06-29,19,84.6,Thunderstorms,16.7,14.0,10.1,13.0,SW,65,8.0,0,Low,54,54,100
2022-06-29,20,53.1,Cloudy,16.5,15.5,10.3,11.1,SW,67,16.1,0,Low,25,25,100
2022-06-29,21,16.7,Cloudy,15.1,14.1,10.8,11.1,SSW,75,16.1,0,Low,20,20,100
2022-06-29,22,0.0,Cloudy,14.3,13.3,11.0,9.3,SSW,81,16.1,0,Low,20,20,100
2022-06-29,23,0.0,Cloudy,12.6,11.6,10.9,9.3,SSW,90,16.1,0,Low,20,20,99
2022-06-30,00,0.0,Cloudy,12.6,11.5,12.4,9.3,SSW,99,16.1,0,Low,20,20,99
2022-06-30,01,0.0,Cloudy,12.4,11.3,12.3,9.3,SSW,99,16.1,0,Low,16,16,99
2022-06-30,02,0.0,Cloudy,11.9,10.8,11.9,9.3,SSW,100,16.1,0,Low,7,7,99
2022-06-30,03,0.0,Cloudy,11.6,10.6,10.7,9.3,SSW,95,16.1,0,Low,7,7,99
2022-06-30,04,0.0,Cloudy,11.2,10.2,10.4,9.3,S,95,16.1,0,Low,7,7,100
2022-06-30,05,20.0,Mostly cloudy,10.6,9.5,9.7,9.3,S,94,16.1,0,Low,7,7,75
2022-06-30,06,115.9,Intermittent clouds,11.3,10.9,10.5,9.3,S,95,16.1,1,Low,7,7,50
2022-06-30,07,243.7,Mostly sunny,12.3,12.6,11.0,9.3,S,92,16.1,2,Low,10,10,25
2022-06-30,08,203.8,Intermittent clouds,13.5,14.2,11.1,11.1,S,85,16.1,2,Low,43,43,70
2022-06-30,09,246.1,Intermittent clouds,14.7,16.1,10.8,11.1,S,77,16.1,3,Moderate,47,47,70
2022-06-30,10,279.1,Mostly cloudy w/ t-storms,15.4,15.2,10.8,11.1,SSW,74,8.0,3,Moderate,51,51,70
2022-06-30,11,302.8,Intermittent clouds,16.5,19.5,10.0,11.1,SSW,65,16.1,5,Moderate,44,44,70
2022-06-30,12,283.4,Thunderstorms,17.4,16.8,9.9,11.1,SSW,61,8.0,2,Low,51,51,78
2022-06-30,13,240.7,Mostly cloudy,19.0,19.7,9.9,11.1,SSW,56,16.1,2,Low,43,43,89
2022-06-30,14,229.1,Thunderstorms,18.0,16.8,11.9,13.0,SSW,67,8.0,2,Low,58,58,91
2022-06-30,15,211.4,Cloudy,18.2,18.4,11.5,14.8,SSW,65,16.1,2,Low,49,49,93
2022-06-30,16,188.2,Thunderstorms,17.6,15.2,12.3,14.8,SW,71,8.0,1,Low,58,58,95
2022-06-30,17,200.4,Mostly cloudy,17.2,16.5,11.3,14.8,SW,68,16.1,1,Low,40,40,85
2022-06-30,18,195.4,Mostly cloudy,16.8,15.9,10.2,14.8,WSW,65,16.1,1,Low,34,34,75
2022-06-30,19,169.6,Intermittent clouds,15.9,15.3,10.0,14.8,W,68,16.1,1,Low,37,37,65
2022-06-30,20,99.3,Intermittent clouds,15.3,14.4,10.1,11.1,W,71,16.1,0,Low,47,47,70
2022-06-30,21,30.3,Mostly cloudy w/ showers,14.3,12.1,10.8,9.3,WNW,79,11.3,0,Low,51,51,70
2022-06-30,22,0.0,Intermittent clouds,14.0,13.8,11.2,7.4,WNW,83,16.1,0,Low,43,43,70
2022-06-30,23,0.0,Mostly cloudy w/ showers,13.1,10.7,11.2,9.3,W,88,9.7,0,Low,51,51,70
2022-07-01,00,0.0,Intermittent clouds,11.5,10.2,10.3,9.3,WSW,92,16.1,0,Low,47,47,70
2022-07-01,01,0.0,Intermittent clouds,11.1,9.4,10.3,11.1,WSW,95,16.1,0,Low,44,44,70
2022-07-01,02,0.0,Intermittent clouds,10.6,9.0,10.2,11.1,WSW,97,16.1,0,Low,48,48,70
2022-07-01,03,0.0,Partly cloudy w/ showers,10.3,7.2,9.5,11.1,WSW,95,9.7,0,Low,51,51,46
2022-07-01,04,0.0,Partly cloudy,9.9,8.6,9.2,9.3,SW,96,16.1,0,Low,48,48,46
2022-07-01,05,34.7,Partly sunny,9.2,8.2,8.8,9.3,SW,97,16.1,0,Low,47,47,46
2022-07-01,06,115.3,Mostly cloudy w/ showers,10.0,7.8,9.9,9.3,SW,99,9.7,1,Low,51,51,68
2022-07-01,07,187.0,Intermittent clouds,11.1,11.2,10.7,9.3,SW,97,16.1,1,Low,47,47,70
2022-07-01,08,250.2,Intermittent clouds,12.8,12.3,11.2,11.1,WSW,90,16.1,1,Low,43,43,70
2022-07-01,09,302.1,Intermittent clouds,14.4,13.8,11.3,14.8,WSW,82,16.1,2,Low,47,47,70
2022-07-01,10,342.7,Mostly cloudy w/ showers,15.9,13.5,11.1,16.7,W,73,11.3,2,Low,51,51,70
2022-07-01,11,371.8,Intermittent clouds,16.7,16.5,10.4,18.5,W,66,16.1,3,Moderate,39,39,70
2022-07-01,12,249.2,Cloudy,17.8,17.5,9.1,16.7,SW,57,16.1,2,Low,47,47,97
2022-07-01,13,237.4,Cloudy,18.3,17.8,9.2,18.5,SW,55,16.1,2,Low,40,40,100
2022-07-01,14,317.9,Mostly cloudy,18.6,18.4,8.5,20.4,SW,52,16.1,3,Moderate,37,37,84
2022-07-01,15,384.5,Mostly cloudy w/ showers,18.9,17.5,8.3,22.2,SW,50,16.1,3,Moderate,40,40,68
2022-07-01,16,430.1,Intermittent clouds,19.0,19.6,8.1,22.2,SW,49,16.1,4,Moderate,37,37,52
2022-07-01,17,422.6,Partly sunny,18.8,18.8,7.7,22.2,SW,48,16.1,3,Moderate,32,32,42
2022-07-01,18,387.5,Partly sunny,18.3,17.8,7.4,20.4,WSW,49,16.1,2,Low,32,32,32
2022-07-01,19,320.2,Mostly sunny,17.7,16.8,7.4,18.5,SW,51,16.1,2,Low,22,22,22
2022-07-01,20,195.1,Mostly sunny,16.7,15.3,7.8,16.7,SW,56,16.1,1,Low,2,2,25
2022-07-01,21,59.6,Mostly sunny,15.4,13.7,8.4,14.8,SW,63,16.1,0,Low,2,2,25
2022-07-01,22,0.0,Mostly clear,14.0,12.4,9.0,13.0,SSW,71,16.1,0,Low,2,2,25
2022-07-01,23,0.0,Mostly clear,12.6,10.9,9.1,11.1,SSW,79,16.1,0,Low,2,2,25
2022-07-02,00,0.0,Mostly clear,12.8,11.2,8.4,11.1,SW,75,16.1,0,Low,2,2,25
2022-07-02,01,0.0,Mostly clear,12.1,10.3,8.3,11.1,SW,78,16.1,0,Low,5,5,11
2022-07-02,02,0.0,Mostly clear,12.0,10.1,8.1,13.0,SW,77,16.1,0,Low,19,19,25
2022-07-02,03,0.0,Mostly clear,11.5,9.4,7.7,13.0,SSW,77,16.1,0,Low,19,19,25
2022-07-02,04,0.0,Mostly clear,10.8,8.4,6.8,13.0,SSW,76,16.1,0,Low,24,24,25
2022-07-02,05,43.2,Mostly sunny,11.7,9.0,7.2,14.8,S,74,16.1,0,Low,43,43,25
2022-07-02,06,193.8,Mostly sunny,12.3,9.8,7.4,16.7,S,72,16.1,1,Low,47,47,25
2022-07-02,07,324.5,Partly sunny w/ showers,13.3,10.0,7.7,18.5,S,69,9.7,1,Low,51,51,25
2022-07-02,08,271.9,Intermittent clouds,13.9,12.0,8.5,16.7,SSW,70,16.1,1,Low,47,47,70
2022-07-02,09,328.7,Intermittent clouds,14.3,13.2,9.4,16.7,SSW,72,16.1,1,Low,47,47,70
2022-07-02,10,373.1,Mostly cloudy w/ showers,14.8,12.4,10.1,14.8,SW,74,9.7,2,Low,51,51,70
2022-07-02,11,405.0,Intermittent clouds,15.5,15.4,10.6,16.7,SW,72,16.1,2,Low,39,39,70
2022-07-02,12,424.5,Intermittent clouds,17.5,17.5,11.3,18.5,SSW,67,16.1,3,Moderate,49,49,70
2022-07-02,13,431.6,Intermittent clouds,18.5,18.8,11.0,20.4,SW,61,16.1,3,Moderate,42,42,70
2022-07-02,14,426.2,Intermittent clouds,18.9,19.0,10.1,18.5,SW,56,16.1,3,Moderate,34,34,70
2022-07-02,15,424.8,Intermittent clouds,19.5,20.9,9.9,18.5,WSW,54,16.1,5,Moderate,34,34,67
2022-07-02,16,443.8,Intermittent clouds,19.2,20.2,8.6,18.5,WSW,50,16.1,4,Moderate,40,40,57
2022-07-02,17,335.6,Mostly cloudy w/ showers,18.6,17.4,7.8,18.5,WSW,49,9.7,3,Moderate,51,51,70
2022-07-02,18,351.6,Intermittent clouds,17.9,17.6,7.4,18.5,W,50,16.1,2,Low,47,47,51
2022-07-02,19,275.5,Partly sunny,17.0,16.1,7.5,18.5,W,53,16.1,2,Low,31,31,48
2022-07-02,20,212.9,Mostly sunny,16.4,15.2,7.8,14.8,W,57,16.1,1,Low,7,7,25
2022-07-02,21,65.0,Mostly sunny,15.2,13.8,8.4,13.0,WSW,64,16.1,0,Low,7,7,25
2022-07-02,22,0.0,Mostly clear,14.2,13.1,8.9,9.3,WSW,71,16.1,0,Low,7,7,22
2022-07-02,23,0.0,Mostly clear,12.6,11.7,9.2,9.3,WSW,80,16.1,0,Low,7,7,25
2022-07-03,00,0.0,Mostly clear,11.4,11.4,10.0,7.4,WSW,91,16.1,0,Low,7,7,25
2022-07-03,01,0.0,Mostly clear,10.8,10.5,9.9,7.4,WSW,94,16.1,0,Low,5,5,25
2022-07-03,02,0.0,Intermittent clouds,10.2,9.4,9.7,7.4,SW,97,16.1,0,Low,3,3,70
2022-07-03,03,0.0,Partly cloudy,9.6,8.8,9.1,7.4,SW,97,16.1,0,Low,3,3,46
2022-07-03,04,0.0,Partly cloudy,8.4,7.4,8.3,9.3,SW,99,16.1,0,Low,3,3,46
2022-07-03,05,36.2,Partly sunny,9.4,8.7,9.4,7.4,SW,100,16.1,0,Low,5,5,46
2022-07-03,06,129.5,Intermittent clouds,10.2,10.2,10.2,7.4,SW,100,16.1,1,Low,5,5,70
2022-07-03,07,218.2,Intermittent clouds,11.6,12.1,11.1,9.3,WSW,97,16.1,1,Low,8,8,70
2022-07-03,08,234.6,Mostly cloudy,13.2,13.5,11.0,9.3,W,87,16.1,1,Low,15,15,85
2022-07-03,09,354.9,Intermittent clouds,14.8,15.9,10.6,11.1,W,76,16.1,3,Moderate,15,15,70
2022-07-03,10,478.4,Intermittent clouds,16.4,18.8,10.2,13.0,WNW,67,16.1,4,Moderate,20,20,56
2022-07-03,11,461.1,Mostly cloudy w/ showers,16.9,16.9,10.4,14.8,WNW,65,8.0,4,Moderate,54,54,66
2022-07-03,12,458.9,Mostly cloudy w/ showers,18.9,20.5,9.7,11.1,WNW,55,9.7,6,High,51,51,70
2022-07-03,13,466.6,Intermittent clouds,20.1,21.4,9.6,13.0,W,51,16.1,3,Moderate,47,47,70
2022-07-03,14,559.1,Intermittent clouds,19.9,23.2,8.8,14.8,WNW,48,16.1,7,High,20,20,54
2022-07-03,15,612.3,Partly sunny,19.5,21.7,7.9,16.7,NW,47,16.1,6,High,20,20,41
2022-07-03,16,632.2,Mostly sunny,19.3,20.6,7.4,16.7,NW,46,16.1,4,Moderate,20,20,29
2022-07-03,17,546.1,Partly sunny,19.0,19.6,6.6,16.7,NW,44,16.1,3,Moderate,20,20,32
2022-07-03,18,443.9,Partly sunny,18.7,18.7,6.2,14.8,NW,44,16.1,2,Low,20,20,35
2022-07-03,19,327.2,Partly sunny,18.0,17.7,6.4,14.8,WNW,46,16.1,2,Low,13,13,38
2022-07-03,20,178.6,Intermittent clouds,16.8,15.9,6.9,13.0,WNW,52,16.1,1,Low,0,0,51
2022-07-03,21,46.2,Intermittent clouds,15.4,14.0,7.6,13.0,WNW,59,16.1,0,Low,0,0,63
2022-07-03,22,0.0,Intermittent clouds,14.0,12.6,8.2,11.1,W,68,16.1,0,Low,0,0,70
2022-07-03,23,0.0,Intermittent clouds,12.8,11.5,8.5,11.1,W,75,16.1,0,Low,0,0,66
2022-07-04,00,0.0,Intermittent clouds,11.7,12.0,8.5,5.6,W,80,16.1,0,Low,0,0,56
2022-07-04,01,0.0,Partly cloudy,11.0,10.9,8.1,7.4,W,82,16.1,0,Low,0,0,47
2022-07-04,02,0.0,Partly cloudy,10.3,9.8,8.1,7.4,W,86,16.1,0,Low,0,0,46
2022-07-04,03,0.0,Partly cloudy,9.3,8.6,7.3,7.4,WSW,87,16.1,0,Low,0,0,46
2022-07-04,04,0.0,Partly cloudy,10.1,9.3,8.3,9.3,SW,89,16.1,0,Low,0,0,46
2022-07-04,05,36.3,Partly sunny,10.5,9.6,9.4,9.3,SW,93,16.1,0,Low,0,0,46
2022-07-04,06,181.5,Partly sunny,11.3,11.0,10.2,9.3,WSW,93,16.1,1,Low,0,0,46
2022-07-04,07,307.5,Partly sunny,12.6,12.6,10.7,11.1,WSW,88,16.1,1,Low,0,0,46
2022-07-04,08,439.5,Partly sunny,14.1,14.2,10.5,13.0,W,79,16.1,2,Low,0,0,40
2022-07-04,09,507.1,Partly sunny,15.5,14.7,9.9,16.7,W,69,16.1,2,Low,0,0,45
2022-07-04,10,576.3,Partly sunny,16.7,16.2,9.2,18.5,W,61,16.1,3,Moderate,0,0,45
2022-07-04,11,626.2,Partly sunny,17.3,17.4,8.6,20.4,W,57,16.1,3,Moderate,0,0,45
2022-07-04,12,656.7,Partly sunny,18.3,19.6,8.4,16.7,W,52,16.1,4,Moderate,0,0,45
2022-07-04,13,667.9,Partly sunny,19.1,20.4,8.4,18.5,W,50,16.1,5,Moderate,0,0,45
2022-07-04,14,659.7,Partly sunny,19.4,20.6,8.0,18.5,W,48,16.1,5,Moderate,0,0,45
2022-07-04,15,632.2,Partly sunny,19.9,20.6,8.4,18.5,W,47,16.1,4,Moderate,0,0,45
2022-07-04,16,585.3,Partly sunny,19.5,19.7,7.4,16.7,W,45,16.1,3,Moderate,0,0,45
2022-07-04,17,519.0,Partly sunny,19.0,18.7,6.6,18.5,W,44,16.1,2,Low,0,0,45
2022-07-04,18,433.4,Partly sunny,18.5,17.7,6.1,18.5,W,44,16.1,1,Low,0,0,45
2022-07-04,19,328.5,Partly sunny,17.9,16.7,6.1,18.5,W,46,16.1,1,Low,0,0,45
2022-07-04,20,204.2,Partly sunny,16.6,15.3,6.6,16.7,W,52,16.1,1,Low,0,0,45
2022-07-04,21,67.8,Partly sunny,15.4,13.7,7.3,13.0,WNW,59,16.1,0,Low,0,0,33
2022-07-04,22,0.0,Mostly clear,13.9,12.3,7.9,11.1,WNW,67,16.1,0,Low,0,0,26
2022-07-04,23,0.0,Mostly clear,12.8,11.3,8.0,11.1,WNW,73,16.1,0,Low,0,0,26
2022-07-05,00,0.0,Mostly clear,11.2,10.4,8.5,9.3,WNW,83,16.1,0,Low,0,0,26
2022-07-05,01,0.0,Mostly clear,10.5,9.6,8.4,9.3,WNW,87,16.1,0,Low,1,1,26
2022-07-05,02,0.0,Clear,9.9,8.9,8.6,9.3,WNW,92,16.1,0,Low,4,4,9
2022-07-05,03,0.0,Mostly clear,10.2,9.4,8.2,9.3,W,87,16.1,0,Low,4,4,10
2022-07-05,04,0.0,Mostly clear,10.7,10.0,9.3,7.4,W,91,16.1,0,Low,4,4,10
2022-07-05,05,52.9,Mostly sunny,10.9,10.2,10.3,9.3,W,96,16.1,0,Low,4,4,10
2022-07-05,06,264.3,Mostly sunny,11.4,11.6,10.9,9.3,WNW,96,16.1,1,Low,4,4,10
2022-07-05,07,447.8,Mostly sunny,12.4,13.3,10.8,9.3,WNW,90,16.1,1,Low,2,2,10
2022-07-05,08,415.5,Intermittent clouds,13.8,14.8,9.9,11.1,NW,77,16.1,2,Low,0,0,52
2022-07-05,09,405.9,Intermittent clouds,15.2,15.0,8.7,13.0,NW,65,16.1,1,Low,0,0,70
2022-07-05,10,461.2,Intermittent clouds,16.4,16.4,8.0,13.0,NW,57,16.1,2,Low,0,0,70
2022-07-05,11,501.1,Intermittent clouds,17.1,17.7,7.9,13.0,NW,55,16.1,3,Moderate,0,0,70
2022-07-05,12,525.4,Intermittent clouds,18.6,19.8,9.9,11.1,W,57,16.1,3,Moderate,7,7,70
2022-07-05,13,534.2,Intermittent clouds,19.3,20.4,10.4,13.0,W,56,16.1,3,Moderate,5,5,70
2022-07-05,14,527.5,Intermittent clouds,19.6,20.4,9.7,14.8,W,53,16.1,3,Moderate,1,1,70
2022-07-05,15,505.3,Intermittent clouds,20.6,20.9,10.7,14.8,WNW,53,16.1,3,Moderate,1,1,70
2022-07-05,16,523.8,Intermittent clouds,20.4,21.9,9.5,14.8,NNW,50,16.1,4,Moderate,1,1,61
2022-07-05,17,414.4,Intermittent clouds,20.1,19.4,8.5,16.7,NNW,47,16.1,1,Low,1,1,70
2022-07-05,18,345.7,Intermittent clouds,19.7,18.6,7.8,18.5,N,46,16.1,1,Low,1,1,70
2022-07-05,19,261.4,Intermittent clouds,19.2,17.8,7.7,20.4,N,47,16.1,1,Low,2,2,70
2022-07-05,20,161.7,Intermittent clouds,18.0,16.4,8.4,16.7,NW,54,16.1,0,Low,3,3,70
2022-07-05,21,46.4,Intermittent clouds,16.4,14.8,9.2,13.0,N,63,16.1,0,Low,3,3,70
2022-07-05,22,0.0,Intermittent clouds,14.8,13.6,9.5,11.1,N,70,16.1,0,Low,3,3,70
2022-07-05,23,0.0,Intermittent clouds,13.7,12.7,9.0,9.3,NNW,73,16.1,0,Low,3,3,70
2022-07-06,00,0.0,Intermittent clouds,11.7,11.8,8.5,5.6,NW,81,16.1,0,Low,3,3,70
2022-07-06,01,0.0,Intermittent clouds,11.3,11.4,8.1,5.6,WNW,81,16.1,0,Low,4,4,70
2022-07-06,02,0.0,Cloudy,10.5,10.2,8.6,7.4,W,88,16.1,0,Low,7,7,100
2022-07-06,03,0.0,Cloudy,11.5,10.9,11.5,7.4,WSW,100,16.1,0,Low,7,7,100
2022-07-06,04,0.0,Cloudy,12.6,11.8,11.2,9.3,WSW,91,16.1,0,Low,7,7,100
2022-07-06,05,18.2,Cloudy,10.4,9.2,8.6,9.3,WSW,88,16.1,0,Low,7,7,98
2022-07-06,06,100.5,Cloudy,12.0,10.9,9.4,11.1,W,84,16.1,0,Low,7,7,96
2022-07-06,07,174.8,Cloudy,13.7,12.4,10.2,13.0,WNW,79,16.1,0,Low,7,7,95
2022-07-06,08,354.3,Intermittent clouds,15.4,14.4,10.5,14.8,WNW,72,16.1,1,Low,6,6,70
2022-07-06,09,429.8,Intermittent clouds,17.0,16.2,10.4,16.7,WNW,65,16.1,1,Low,6,6,70
2022-07-06,10,488.8,Intermittent clouds,18.5,18.1,10.2,16.7,WNW,58,16.1,2,Low,6,6,70
2022-07-06,11,531.3,Intermittent clouds,19.9,19.8,9.7,18.5,WNW,51,16.1,2,Low,6,6,70
